cod_tramo;limite_min;limite_max;cod_medida;fec_creacion;fec_actualizacion
0;0;0;0;2023-10-31 00:00:00;2023-10-31 00:00:00
1010000500;251;500;1;2023-10-31 00:00:00;2023-10-31 00:00:00
1010001000;501;1000;1;2023-10-31 00:00:00;2023-10-31 00:00:00
1010002000;1001;2000;1;2023-10-31 00:00:00;2023-10-31 00:00:00
1010003000;2001;3000;1;2023-10-31 00:00:00;2023-10-31 00:00:00
1010004000;3001;4000;1;2023-10-31 00:00:00;2023-10-31 00:00:00
1010005000;4001;5000;1;2023-10-31 00:00:00;2023-10-31 00:00:00
1010006000;5001;6000;1;2023-10-31 00:00:00;2023-10-31 00:00:00
1010007000;6001;7000;1;2023-10-31 00:00:00;2023-10-31 00:00:00
1010008000;7001;8000;1;2023-10-31 00:00:00;2023-10-31 00:00:00
1010009000;8001;9000;1;2023-10-31 00:00:00;2023-10-31 00:00:00
1010010000;9001;10000;1;2023-10-31 00:00:00;2023-10-31 00:00:00
1010011000;10001;11000;1;2023-10-31 00:00:00;2023-10-31 00:00:00
1010012000;11001;12000;1;2023-10-31 00:00:00;2023-10-31 00:00:00
1010013000;12001;13000;1;2023-10-31 00:00:00;2023-10-31 00:00:00
1010014000;13001;14000;1;2023-10-31 00:00:00;2023-10-31 00:00:00
1010015000;14001;15000;1;2023-10-31 00:00:00;2023-10-31 00:00:00
1010016000;15001;16000;1;2023-10-31 00:00:00;2023-10-31 00:00:00
1010017000;16001;17000;1;2023-10-31 00:00:00;2023-10-31 00:00:00
1010018000;17001;18000;1;2023-10-31 00:00:00;2023-10-31 00:00:00
1010019000;18001;19000;1;2023-10-31 00:00:00;2023-10-31 00:00:00
1010020000;19001;20000;1;2023-10-31 00:00:00;2023-10-31 00:00:00
1010021000;20001;21000;1;2023-10-31 00:00:00;2023-10-31 00:00:00
1010022000;21001;22000;1;2023-10-31 00:00:00;2023-10-31 00:00:00
1010023000;22001;23000;1;2023-10-31 00:00:00;2023-10-31 00:00:00
1010024000;23001;24000;1;2023-10-31 00:00:00;2023-10-31 00:00:00
1010025000;24001;25000;1;2023-10-31 00:00:00;2023-10-31 00:00:00
1010026000;25001;26000;1;2023-10-31 00:00:00;2023-10-31 00:00:00
1010027000;26001;27000;1;2023-10-31 00:00:00;2023-10-31 00:00:00
1010028000;27001;28000;1;2023-10-31 00:00:00;2023-10-31 00:00:00
1010029000;28001;29000;1;2023-10-31 00:00:00;2023-10-31 00:00:00
1010030000;29001;30000;1;2023-10-31 00:00:00;2023-10-31 00:00:00
1010031000;30001;31000;1;2023-10-31 00:00:00;2023-10-31 00:00:00
1010032000;31001;32000;1;2023-10-31 00:00:00;2023-10-31 00:00:00
1010033000;32001;33000;1;2023-10-31 00:00:00;2023-10-31 00:00:00
1010034000;33001;34000;1;2023-10-31 00:00:00;2023-10-31 00:00:00
1010035000;34001;35000;1;2023-10-31 00:00:00;2023-10-31 00:00:00
1010036000;35001;36000;1;2023-10-31 00:00:00;2023-10-31 00:00:00
1010037000;36001;37000;1;2023-10-31 00:00:00;2023-10-31 00:00:00
1010038000;37001;38000;1;2023-10-31 00:00:00;2023-10-31 00:00:00
1010039000;38001;39000;1;2023-10-31 00:00:00;2023-10-31 00:00:00
1010040000;39001;40000;1;2023-10-31 00:00:00;2023-10-31 00:00:00
1020005000;2001;5000;1;2023-10-31 00:00:00;2023-10-31 00:00:00
1020010000;5001;10000;1;2023-10-31 00:00:00;2023-10-31 00:00:00
1020020000;10001;20000;1;2023-10-31 00:00:00;2023-10-31 00:00:00
1030025000;15001;25000;1;2023-10-31 00:00:00;2023-10-31 00:00:00
1110000750;501;750;1;2023-10-31 00:00:00;2023-10-31 00:00:00
1110001000;751;1000;1;2023-10-31 00:00:00;2023-10-31 00:00:00
1110001500;1001;1500;1;2023-10-31 00:00:00;2023-10-31 00:00:00
1110002000;1501;2000;1;2023-10-31 00:00:00;2023-10-31 00:00:00
1050000100;51;100;1;2024-01-12 00:00:00;2024-01-12 00:00:00
1050000250;101;250;1;2024-01-12 00:00:00;2024-01-12 00:00:00
1210495000;300001;495000;1;2024-01-19 00:00:00;2024-01-19 00:00:00
1210660000;495001;660000;1;2024-01-19 00:00:00;2024-01-19 00:00:00
1220015000;31;15000;2;2024-01-19 00:00:00;2024-01-19 00:00:00
1040999999;1;999999;1;2024-02-20 00:00:00;2024-02-20 00:00:00
1310001250;1090;1250;3;2024-02-20 00:00:00;2024-02-20 00:00:00
1310001330;1270;1330;3;2024-02-20 00:00:00;2024-02-20 00:00:00
1310001610;1420;1610;3;2024-02-20 00:00:00;2024-02-20 00:00:00
1010000250;1;250;1;2023-10-31 00:00:00;2024-04-19 00:00:00
1020002000;1;2000;1;2023-10-31 00:00:00;2024-04-19 00:00:00
1030015000;1;15000;1;2023-10-31 00:00:00;2024-04-19 00:00:00
1120001000;1;1000;1;2023-10-31 00:00:00;2024-04-19 00:00:00
1050000050;1;50;1;2024-01-12 00:00:00;2024-04-19 00:00:00
1210300000;150001;300000;1;2024-01-19 00:00:00;2024-04-19 00:00:00
1211500000;880001;1500000;1;2024-01-19 00:00:00;2024-04-19 00:00:00
1220000030;1;30;2;2024-01-19 00:00:00;2024-04-19 00:00:00
1210075000;1;75000;1;2024-04-19 00:00:00;2024-04-19 00:00:00
1210150000;75001;150000;1;2024-04-19 00:00:00;2024-04-19 00:00:00
1210880000;660001;880000;1;2024-04-19 00:00:00;2024-04-19 00:00:00
1060015000;10001;15000;1;2024-04-19 00:00:00;2024-04-19 00:00:00
1060020000;15001;20000;1;2024-04-19 00:00:00;2024-04-19 00:00:00
1410000001;1;1;4;2024-04-19 00:00:00;2024-04-19 00:00:00
1410000002;2;2;4;2024-04-19 00:00:00;2024-04-19 00:00:00
1410000003;3;3;4;2024-04-19 00:00:00;2024-04-19 00:00:00
1410000004;4;4;4;2024-04-19 00:00:00;2024-04-19 00:00:00
1410000005;5;5;4;2024-04-19 00:00:00;2024-04-19 00:00:00
1510005000;0;5000;5;2024-06-06 00:00:00;2024-06-06 00:00:00
1510015000;5001;15000;5;2024-06-06 00:00:00;2024-06-06 00:00:00
1510020000;15001;20000;5;2024-06-06 00:00:00;2024-06-06 00:00:00
1510030000;20001;30000;5;2024-06-06 00:00:00;2024-06-06 00:00:00
1510249999;30000;249999;5;2024-06-06 00:00:00;2024-06-06 00:00:00
1610000020;1;20;1;2024-08-30 00:00:00;2024-08-30 00:00:00
1610000050;21;50;1;2024-08-30 00:00:00;2024-08-30 00:00:00
1610000500;101;500;1;2024-08-30 00:00:00;2024-08-30 00:00:00
1130000500;1;500;1;2024-10-17 00:00:00;2024-10-17 00:00:00
1710002500;1;2500;5;2024-10-17 00:00:00;2024-10-17 00:00:00
1710005000;2501;5000;5;2024-10-17 00:00:00;2024-10-17 00:00:00
1710010000;5001;10000;5;2024-10-17 00:00:00;2024-10-17 00:00:00
1710015000;10001;15000;5;2024-10-17 00:00:00;2024-10-17 00:00:00
1310001400;1270;1400;3;2025-06-19 00:00:00;2025-06-19 00:00:00
3040000020;1;67500;1;2025-08-11 00:00:00;2025-08-11 00:00:00
